{
    "model_name": "xgboost",
    "timestamp": "20251223_205231",
    "metrics": {
        "auc_roc": 0.9287855321975835,
        "auc_pr": 0.9354038732930416,
        "brier_score": 0.10289797931909561,
        "calibration_curve": {
            "prob_true": [
                0.10242587601078167,
                0.2717391304347826,
                0.4264705882352941,
                0.6190476190476191,
                0.9532467532467532
            ],
            "prob_pred": [
                0.08005572188171153,
                0.2885716597995032,
                0.4909009262919426,
                0.7033105166185469,
                0.9597236795858903
            ]
        },
        "report": {
            "0": {
                "precision": 0.8548707753479126,
                "recall": 0.8793456032719836,
                "f1-score": 0.8669354838709677,
                "support": 489.0
            },
            "1": {
                "precision": 0.8812877263581489,
                "recall": 0.8571428571428571,
                "f1-score": 0.8690476190476191,
                "support": 511.0
            },
            "accuracy": 0.868,
            "macro avg": {
                "precision": 0.8680792508530307,
                "recall": 0.8682442302074204,
                "f1-score": 0.8679915514592934,
                "support": 1000.0
            },
            "weighted avg": {
                "precision": 0.8683698373141433,
                "recall": 0.868,
                "f1-score": 0.8680147849462366,
                "support": 1000.0
            }
        }
    },
    "params": {
        "n_estimators": 100,
        "max_depth": 4,
        "learning_rate": 0.1,
        "objective": "binary:logistic",
        "random_state": 42
    }
}