{
    "model_name": "random_forest",
    "timestamp": "20251223_205232",
    "metrics": {
        "auc_roc": 0.9198552099216021,
        "auc_pr": 0.9245936751760488,
        "brier_score": 0.10725889999999999,
        "calibration_curve": {
            "prob_true": [
                0.09294871794871795,
                0.2222222222222222,
                0.39759036144578314,
                0.7184466019417476,
                0.9581005586592178
            ],
            "prob_pred": [
                0.09355769230769224,
                0.2936111111111111,
                0.5091566265060242,
                0.7075728155339802,
                0.9313966480446937
            ]
        },
        "report": {
            "0": {
                "precision": 0.8531187122736419,
                "recall": 0.8670756646216768,
                "f1-score": 0.8600405679513184,
                "support": 489.0
            },
            "1": {
                "precision": 0.8707753479125249,
                "recall": 0.8571428571428571,
                "f1-score": 0.863905325443787,
                "support": 511.0
            },
            "accuracy": 0.862,
            "macro avg": {
                "precision": 0.8619470300930834,
                "recall": 0.8621092608822669,
                "f1-score": 0.8619729466975528,
                "support": 1000.0
            },
            "weighted avg": {
                "precision": 0.8621412530851111,
                "recall": 0.862,
                "f1-score": 0.8620154590299699,
                "support": 1000.0
            }
        }
    },
    "params": {
        "n_estimators": 100
    }
}